final_label,confidence,paragraph,qwen_label,qwen_reasoning,gpt_oss_label,gpt_oss_reasoning,notes
COMPARE_AND_CONTRAST,CONFIRMED,"On their Team Test, Raymond, Sarah, Hannah, and Aidan were given y=4x* —24x+7 to change into graphing form. Raymond noticed that the leading coefficient was a 4 and not a 1. His team agreed on a way to start rewriting, but then they worked in pairs and got two different solutions, shown below.",COMPARE_AND_CONTRAST,"The paragraph describes two different solutions from pairs of students (Raymond/Sarah and Hannah/Aidan) working on the same problem, setting up a scenario for comparing approaches. It does not explicitly mention an error or ask to find one, but rather presents differing results.",COMPARE_AND_CONTRAST,"The paragraph mentions several named students who worked in pairs and produced two different solutions, indicating a compare-and-contrast of approaches.",
COMPARE_AND_CONTRAST,CONFIRMED,"Should Davis be confused, or is Tess correct? What is the difference between a sequence and a function?",COMPARE_AND_CONTRAST,"The paragraph presents two named students, Davis and Tess, with differing viewpoints or understandings, prompting the reader to compare their perspectives. This fits the 'COMPARE_AND_CONTRAST' category as it involves examining conflicting approaches or answers.",COMPARE_AND_CONTRAST,"The paragraph mentions two named students (Davis and Tess) with potentially conflicting views and asks who is correct, fitting the compare-and-contrast pattern.",
COMPARE_AND_CONTRAST,CONFIRMED,"Farah and Thu were working on writing the equation of a sine function for the graph at right. They figured out that the amplitude is 3, the horizontal shift is 4 and the midline is y=-2. They can see that the period is z , but they disagree on the equation. Farah has written f(x) = 3sin 2(x—74)—2 and Thu has written f(x) = 3sin(2x—-4)-2.",COMPARE_AND_CONTRAST,"The paragraph presents two students, Farah and Thu, who have different equations for a sine function. The reader is implied to examine their work to determine who is correct, which fits the 'COMPARE_AND_CONTRAST' category as it involves contrasting different approaches/answers.",COMPARE_AND_CONTRAST,"The paragraph presents two named students (Farah and Thu) who have different equations and invites the reader to examine their work and resolve the disagreement, which matches the compare-and-contrast pattern.",
COMPARE_AND_CONTRAST,CONFIRMED,"Colleen and Jolleen both used their calculators to find sin 30° . Colleen got sin30°= -0.9880316241 , but Jolleen got sin 30°=0:5.",COMPARE_AND_CONTRAST,"The paragraph presents two students, Colleen and Jolleen, who obtained conflicting results for sin 30°. This setup invites comparison of their answers to determine correctness, aligning with the 'COMPARE_AND_CONTRAST' category.",COMPARE_AND_CONTRAST,"The paragraph presents two named students, Colleen and Jolleen, who obtained different results for the same calculation, indicating a disagreement that invites comparison of their answers.",
COMPARE_AND_CONTRAST,CONFIRMED,"When they arrived at school the next morning, they compared the equations they had put in their graphing calculators while they talked on the phone. One had y =sin2x—1, while the other had y=sin2(x-1). Which equation was correct? Did they both subtract 1 from x? Describe the rule for shifting a graph one unit to the right in a way that avoids this confusion.",COMPARE_AND_CONTRAST,"The paragraph presents two different equations from two students and asks which is correct, prompting a comparison of their approaches. This fits the 'COMPARE_AND_CONTRAST' category as it involves evaluating conflicting methods.",COMPARE_AND_CONTRAST,"The paragraph presents two students' differing equations and asks which is correct, prompting comparison of their approaches.",
COMPARE_AND_CONTRAST,CONFIRMED,"b. Hugo says, “No, no, no. You can do it that way, but that’s too complicated. I think you just start with x = 3 +4i and work backward. So x —3=4i, then, hmmm... Whose method do you think Spud should use?",COMPARE_AND_CONTRAST,"The paragraph presents two named students, Hugo and Spud, discussing different methods. It asks the reader to evaluate whose method Spud should use, indicating a comparison of approaches.",COMPARE_AND_CONTRAST,"The paragraph presents Hugo’s method and asks which method Spud should use, implying a comparison between multiple students’ approaches, fitting the COMPARE_AND_CONTRAST category.",
COMPARE_AND_CONTRAST,CONFIRMED,"a. Make a histogram of the data on your calculator and sketch it. Use a bin width of 5. b. Lateefa is modeling the data using a normal distribution, but her partner Farid thinks that it is not a good idea. What advice would you give them about using a normal distribution? c. Lateefa scored 86 on the test, and Farid scored 92. What percentile did each score in? What score is at the 25"" percentile? Find the five number summary (minimum, first quartile, median, third quartile, maximum) for this data. How does your answer compare to",COMPARE_AND_CONTRAST,"The paragraph presents a scenario where two students, Lateefa and Farid, have conflicting opinions about using a normal distribution. This fits the 'COMPARE_AND_CONTRAST' category as it involves examining different approaches/answers. Other parts of the question (histogram creation, percentile calculations) are standard tasks without error-focused elements.",COMPARE_AND_CONTRAST,"The paragraph presents two named students (Lateefa and Farid) with differing views on using a normal distribution, prompting the reader to consider and advise on their disagreement.",
COMPARE_AND_CONTRAST,CONFIRMED,"Angela continued to think about Uncle Zachary’s savings. a. Angela wrote the equation for the sequence as t(n)=47+3n. But Uncle Zachary wrote t(n)=50+3(n—1). Which equation gives the correct sequence? What is the advantage of writing the equation like Angela did? What is the advantage of writing it like Uncle Zachary did? Determine the amount of money in Angela’s college fund at the time of her first birthday, after her Uncle had made exactly 12 deposits. How much was saved by Angela’s 5"" birthday? Can you think of ways you might be able to figure this out without having to add the money for every month? Be ready to share your ideas with the class.",COMPARE_AND_CONTRAST,"The paragraph presents two different equations written by Angela and Uncle Zachary, asking which is correct and comparing their advantages. This fits the COMPARE_AND_CONTRAST category as it involves evaluating conflicting approaches from named individuals.",COMPARE_AND_CONTRAST,"The paragraph presents two different equations from named individuals (Angela and Uncle Zachary) and asks the reader to compare them and decide which is correct, fitting the compare-and-contrast pattern.",
COMPARE_AND_CONTRAST,CONFIRMED,"b. What are the advantages of writing the equation like Katelyn did? What are the advantages of writing the equation like Janelle did? c. Rewrite the equation t(n)=18-3"" using Katelyn’s method.",COMPARE_AND_CONTRAST,"The paragraph asks to compare the advantages of two different methods used by Katelyn and Janelle, which fits the COMPARE_AND_CONTRAST category as it involves contrasting approaches from named students.",COMPARE_AND_CONTRAST,"The paragraph mentions two named students (Katelyn and Janelle) using different methods and asks the reader to discuss the advantages of each, which is a compare‑and‑contrast prompt.",
COMPARE_AND_CONTRAST,CONFIRMED,"With Scott’s plan, how much will his dad have to pay him for the 100"" piece of litter he finds? If Scott collects 150 pieces of litter, how much will he have earned in total? What if he picks up 200 pieces? Greg thinks Scott is crazy to propose an increase of just 2% per piece. After all 2% of 10 cents is just ae of acent! Instead, he plans to ask for a one-cent increase for every piece. If their father agrees to this, how much would Greg get paid for the 100"" piece he collects? If the boys each collect 150 pieces of litter, which payment scheme will earn them the most money?",COMPARE_AND_CONTRAST,"The paragraph presents two different payment plans proposed by Scott and Greg, asking the reader to compare the outcomes of each. It fits the 'COMPARE_AND_CONTRAST' category as it involves evaluating two distinct approaches to determine which earns more money.",COMPARE_AND_CONTRAST,"The paragraph presents two different payment schemes proposed by Scott and Greg and asks the reader to determine which scheme earns more, a classic compare‑and‑contrast scenario with named characters.",
COMPARE_AND_CONTRAST,CONFIRMED,"Robin and Teryll each have $8,000 to invest and they disagree about the best place to start a savings account. Teryll found a savings and loan company that will guarantee a rate of 3.9% compounded monthly for the next 10 years. Robin says her bank is much better because they will give her 4% interest compounded semi-annually for the next ten years. In ten years, which account will end up with the greatest amount and how much difference is there?",COMPARE_AND_CONTRAST,"The paragraph presents two different investment strategies by Robin and Teryll, asking the reader to compare their outcomes. It focuses on evaluating which method yields a better result, not on identifying errors or common mistakes.",COMPARE_AND_CONTRAST,"The paragraph presents two named students (Robin and Teryll) with differing conclusions about which savings account is better and asks the reader to determine which is greater, fitting the compare‑and‑contrast pattern.",
COMPARE_AND_CONTRAST,CONFIRMED,"Salina, Tamara, and Uma are working on their homework together. Salina tells her friends that she got 6 = 52° for the inverse cosine problem she is working on and asks if they got the same answer. Tamara says she got 6 =128°, and Uma volunteers her answer of 6 = 308°. Is it possible that these are all solutions to the same problem?",COMPARE_AND_CONTRAST,The paragraph presents three students with different answers to the same problem and asks if they could all be correct. This fits the COMPARE_AND_CONTRAST category as it involves examining conflicting student responses.,COMPARE_AND_CONTRAST,"The paragraph presents three named students giving different answers and asks whether they can all be correct, which is a compare-and-contrast of student solutions.",
COMPARE_AND_CONTRAST,CONFIRMED,"Frank says that -4; = “+, while Fred does not think that the Ds eat two expressions are equivalent.",COMPARE_AND_CONTRAST,"The paragraph presents two named students, Frank and Fred, who disagree on whether two expressions are equivalent. This fits the 'COMPARE_AND_CONTRAST' category as it highlights differing approaches or answers between named individuals.",COMPARE_AND_CONTRAST,"The paragraph mentions two named students, Frank and Fred, who disagree about whether two expressions are equivalent, fitting the compare-and-contrast pattern.",
COMPARE_AND_CONTRAST,HAND_CLASSIFIED,"[text starts with: ""Yeah, I think you're wrong, Marta,"" said Sophia]",,,,,Hand-classified: Sophia and Marta disagree about whether log₂x and log(2ˣ) are different; reader adjudicates.
COMPARE_AND_CONTRAST,HAND_CLASSIFIED,"Eniki has a sequence of numbers given by the formula t(n) a. What are the first three terms of Eniki’s sequence? b. Chelita thinks the number 312,500 is a term in Eniki’s sequence. Justify your answer by either giving the term number or explaining why it is not in the sequence. c. Elisa thinks the number 94,500 is a term in Eniki’s sequence.",COMPARE_AND_CONTRAST,"The paragraph presents two named students, Chelita and Elisa, who have different thoughts about whether specific numbers are in Eniki’s sequence. The task is to determine who is correct by analyzing the sequence, which involves comparing their claims. This fits the COMPARE_AND_CONTRAST category as it focuses on contrasting different student answers.",ERROR,"400: {'error': {'message': ""Failed to validate JSON. Please adjust your prompt. See 'failed_generation' for more details."", 'type': 'invalid_request_error', 'code': 'json_validate_failed', 'failed_generation': ''}}",Hand-classified: Chelita and Elisa disagree about whether numbers are in Eniki's sequence; reader adjudicates.
COMPARE_AND_CONTRAST,HAND_CLASSIFIED,a. Whose equation is correct? How can you be sure? b. Graph the incorrect equation and explain how it is different from the original graph.,COMPARE_AND_CONTRAST,"The paragraph asks the reader to determine whose equation is correct and then graph the incorrect one, indicating a comparison between different student approaches or answers. This aligns with the COMPARE_AND_CONTRAST category as it involves evaluating conflicting solutions.",NA,"The paragraph asks to determine which equation is correct and to graph the incorrect one, but it does not name students, does not explicitly state an error to locate, nor warn about a common mistake.",Hand-classified: Two competing equations shown; reader determines which is correct and graphs the incorrect one.
COMPARE_AND_CONTRAST,HAND_CLASSIFIED,"Raul claims that he has a shortcut for deciding what kind of roots a function has. Jolene thinks that a shortcut is not possible. She says you just have to solve the quadratic equation to find out. They are working on y= Jolene says, “See, I just start out by trying to factor. This one can be factored (x-— 7)(x+2)=0, so the equation will have two real solutions and the function will have two real roots.” “But what if it can’t be factored?” “What about x? +2x+2=0?” I just use the Quadratic Formula,” says Jolene. let’s see... negative two plus or minus the square root of... two squared... that’s 4...minus... eight...” “Right there, see, you don’t have to finish. 27 minus 4-2, that gives you —4. That’s all you need to know. You’ll be taking the square root of a negative number so you will get a complex result.” “Oh, I see,” said Jolene. “TI only have to consider part of the solution, the inside of the square root.” Use Raul’s method to tell whether each of the following functions has real or complex roots without completely solving the equation. Note: Raul’s method is also summarized in the Math Notes box for this lesson.",COMPARE_AND_CONTRAST,"The paragraph presents two students, Raul and Jolene, with differing approaches to determining the roots of a quadratic equation. Raul advocates for a shortcut (likely the discriminant method), while Jolene initially relies on factoring and the quadratic formula. The text asks readers to apply Raul’s method, contrasting their strategies. This fits the COMPARE_AND_CONTRAST category as it highlights differing methods and invites analysis of their validity.",NA,"The paragraph presents a dialogue about different methods but does not ask students to find or correct an error, warn about common mistakes, or explicitly compare approaches for correctness; it simply instructs using Raul's method, so it is standard content.",Hand-classified: Raul and Jolene disagree on whether a shortcut for roots is valid; reader evaluates.
INCORRECT_TO_CORRECT,CONFIRMED,"Hannah summarized with the work shown at right. Did they rewrite the equation correctly? If so, find the vertex and the line of symmetry of the parabola. If not, explain their mistakes and show them how to do it correctly.",INCORRECT_TO_CORRECT,"The paragraph refers to Hannah's work and asks the reader to determine if it's correct, explaining mistakes if present. This fits the 'INCORRECT_TO_CORRECT' category as it involves evaluating and correcting a named student's work.",INCORRECT_TO_CORRECT,"The paragraph references a named student (Hannah) and asks the reader to determine if the work is correct, and if not, to identify mistakes and correct them, matching the INCORRECT_TO_CORRECT pattern.",
INCORRECT_TO_CORRECT,CONFIRMED,"Hilda was working on her y = 3x* —24x+55 homework. She completed the y= 3(x2 —8x) +55 square to change y= 3x? —24x+55 5 to graphing form in order to pease Eee UE RY NS identify the vertex of the parabola. She did the work at right and identified the vertex to be (4,39). When she got back to class and checked her answers, she discovered that the vertex she found is incorrect, but she cannot find her mistake. Examine Hilda’s work and explain to her what she did wrong. Then show her how to complete the square correctly and identify the vertex.",INCORRECT_TO_CORRECT,"The paragraph presents Hilda's incorrect work on completing the square, asks the reader to identify her mistake, and correct it. This fits the 'INCORRECT_TO_CORRECT' category as it involves analyzing a named student's wrong work and providing the correct solution.",INCORRECT_TO_CORRECT,"The paragraph presents Hilda’s incorrect work, asks the reader to find her mistake and correct it, which matches the INCORRECT_TO_CORRECT pattern.",
INCORRECT_TO_CORRECT,CONFIRMED,"Greg was working on his homework. He completed the square to change y = 2x? —6x+2 to graphing form and identify the vertex of the parabola. y = 2(x? —3x+2)+2-2 He did the work at right and Sens Bee te * dantifi Bort y=20-3) -%4 identified the vertex to be Ca) When he got back to class and checked his answers, he discovered that his vertex was wrong, but he cannot find his mistake. Examine Greg’s work and explain to him where the mistake occurred. Then show him how to correct the mistake and state the vertex.",INCORRECT_TO_CORRECT,"The paragraph presents Greg's incorrect work on completing the square, asks the reader to identify his mistake, and correct it. This fits the 'INCORRECT_TO_CORRECT' category as it focuses on analyzing a named student's wrong work and fixing the error.",INCORRECT_TO_CORRECT,"The paragraph presents Greg's incorrect work, asks the reader to locate the mistake and correct it, matching the INCORRECT_TO_CORRECT pattern.",
INCORRECT_TO_CORRECT,CONFIRMED,"George was solving the equation (2x -1)(x+ 3)=4 and he got the solutions x = : and x=-3. Jeffrey came along and said, “You made a big mistake! You set each factor equal to zero, but it’s not equal to zero, it’s equal to 4. So you have to set each factor equal to 4 and then solve.” Show George and Jeffrey how to solve this equation. To be sure that you are correct, check your solutions.",INCORRECT_TO_CORRECT,The paragraph presents George's incorrect solution to an equation and asks the reader to demonstrate the correct method. This aligns with the 'INCORRECT_TO_CORRECT' category as it involves identifying and correcting a named student's error.,INCORRECT_TO_CORRECT,"The paragraph presents a named student's wrong work (George) and asks the reader to correct it, fitting INCORRECT_TO_CORRECT.",
INCORRECT_TO_CORRECT,CONFIRMED,"Samantha thinks that the equation (x — 4)? =25 is equivalent to the equation (x-—4)+(y-3)=5. Are the two equations equivalent? Explain how you know. If they are not equivalent, explain Samantha’s mistake.",INCORRECT_TO_CORRECT,"The paragraph presents Samantha's incorrect belief about equation equivalence and asks the reader to identify her mistake, which fits the 'INCORRECT_TO_CORRECT' category as it focuses on correcting a named student's error.",INCORRECT_TO_CORRECT,"The paragraph presents a named student’s incorrect claim and asks the reader to explain the mistake, i.e., locate and correct the error.",
INCORRECT_TO_CORRECT,HAND_CLASSIFIED,"[text starts with: Hannah says, ""Aidan and Sarah made a mistake]",,,,,Hand-classified: Hannah identifies Aidan and Sarah's error in completing the square; reader justifies.
INCORRECT_TO_CORRECT,HAND_CLASSIFIED,"Margee thinks she can use logs to solve 56 = x°, since logs seem to make exponents disappear. Unfortunately, Margee is wrong. Explain the difference between equations like 2 =1.04* , in which you can use logs, and 56 = x® , in which it does not make sense to use logs.",EXPLICIT_ERROR_DETECTION,The paragraph presents Margee's incorrect approach to solving an equation using logarithms and asks the reader to explain why this method fails in one case but works in another. This fits the EXPLICIT_ERROR_DETECTION category because the error is identified (Margee's misuse of logs) and the task is to locate/analyze the mistake.,INCORRECT_TO_CORRECT,"The paragraph mentions a named student (Margee) who is wrong about using logs and asks the reader to explain the mistake, i.e., find and correct the error.",Hand-classified: Margee incorrectly applies logs; reader explains why her method fails.
INCORRECT_TO_CORRECT,HAND_CLASSIFIED,"[text starts with: ""Well, it's a fraction. Can't we multiply the numerator]",,,,,Hand-classified: Natalio's unclear/incorrect method; reader shows the correct approach (continuation of para 708 C&C).
INCORRECT_TO_CORRECT,HAND_CLASSIFIED,"For homework, Londa was asked to simplify the expression Net e7 Sue got the answer 7, but when she checked, she learned that the correct answer was —7. a. Show Londa the steps she could take to get —7. b. What steps do you think Londa took to get 7 as a result? | What does she need to consider to avoid making this mistake in the future? Londa’s example means that it is not always true that Ja - Jb = Jab for real numbers a and b. What restriction needs to be placed on the numbers a and b?",INCORRECT_TO_CORRECT,"The paragraph presents Londa's incorrect answer and asks the reader to show the correct steps (part a) and identify her mistake (part b), which aligns with the INCORRECT_TO_CORRECT category. The focus is on correcting a named student's error and explaining the correct approach.",ERROR,"400: {'error': {'message': ""Failed to generate JSON. Please adjust your prompt. See 'failed_generation' for more details."", 'type': 'invalid_request_error', 'code': 'json_validate_failed', 'failed_generation': 'max completion tokens reached before generating a valid document'}}",Hand-classified: Londa gets wrong answer; reader shows correct steps and identifies her mistake.
COMMON_ERROR_ALERT,CONFIRMED,"b. Be sure to test negative numbers. What happens for negative numbers? c. Mark wants to get his machines patented but has to prove that the set of machines will always do what he says it will, at least for positive numbers. Show Mark how to prove that his machines work for positive numbers by dropping in a variable (for example, n) and writing out each step the machines must take. Why do the negative numbers come out positive?",COMMON_ERROR_ALERT,"The paragraph includes a warning to test negative numbers, which is a common mistake students make. This aligns with the 'COMMON_ERROR_ALERT' category as it highlights a frequent oversight.",COMMON_ERROR_ALERT,"The paragraph warns the reader to test negative numbers, indicating a typical oversight students may make, which matches a common error alert.",
COMMON_ERROR_ALERT,CONFIRMED,"The student holding the meter stick should hold the places where the string attaches. Otherwise, the string has a tendency to slide toward the center of the meter stick. Use as much of the string as you can so that your ; pendulum is as long as possible.",COMMON_ERROR_ALERT,"The paragraph warns about a potential mistake (string sliding toward the center) if the meter stick is not held properly, which aligns with a warning about a common error.",COMMON_ERROR_ALERT,"The paragraph warns the reader about a potential mistake (string sliding) and advises how to avoid it, matching a common error alert.",
COMMON_ERROR_ALERT,CONFIRMED,The term “curving” is often misused as it applies to test scores. Many believe it refers to adding points or otherwise adjusting test scores such that the highest paper is 100% or the average score is raised to some passing level. To curve is actually to model test scores with the normal distribution (normal “curve”) and then use percentiles to assign letter grades.,COMMON_ERROR_ALERT,"The paragraph warns about a common misuse of the term 'curving' in test scores, indicating a frequent misunderstanding. It fits the 'COMMON_ERROR_ALERT' category as it highlights a typical misconception without presenting specific incorrect work or contrasting approaches.",COMMON_ERROR_ALERT,"The paragraph warns about a common misconception about 'curving' test scores, matching a common mistake alert.",
COMMON_ERROR_ALERT,CONFIRMED,"common denominator, which, in this case, is 6x. We must be careful to remember to distribute so that we multiply each term on both sides of the equation by 6x. Then we simplify and solve, as shown at right.",COMMON_ERROR_ALERT,"The paragraph warns about the need to distribute when multiplying by the common denominator, using 'must be careful' as a signal for a common mistake. This aligns with the COMMON_ERROR_ALERT category.",COMMON_ERROR_ALERT,"The paragraph warns the reader to be careful about distributing each term, which alerts to a common mistake students might make, fitting the COMMON_ERROR_ALERT category.",
COMMON_ERROR_ALERT,HAND_CLASSIFIED,Adam keeps getting negative exponents and fractional exponents confused. Help him by explaining the difference between 2!/? and 27.,COMMON_ERROR_ALERT,"The paragraph addresses a common confusion Adam has between negative and fractional exponents, which is a typical mistake students make. It uses 'Adam keeps getting... confused' to highlight the error, fitting the COMMON_ERROR_ALERT category.",NA,"The paragraph asks for an explanation of a concept rather than presenting a student's work to correct, compare, or detect an error, so it does not fit any error-focused categories.",Hand-classified: Direct statement of a common student confusion between negative and fractional exponents.
COMMON_ERROR_ALERT,HAND_CLASSIFIED,"If in a random sample of 1000 members of our population, 250 have the zPhone, it still does not mean that exactly - of all people between the ages of 12 and 20 in the U.S. have the zPhone. The proportion of young people with the phone will naturally vary from sample to sample—some samples of young people will have more phones, some will have",NA,"The paragraph discusses sampling variability and the idea that sample proportions can differ from the true population proportion. It does not present a specific error to detect, compare conflicting approaches, or warn about common mistakes. It is standard explanatory content about statistical sampling.",COMMON_ERROR_ALERT,"The paragraph warns readers not to assume the sample proportion equals the population proportion, alerting to a common misunderstanding about sampling variability.",Hand-classified: Warns against conflating sample proportion with population proportion.
COMMON_ERROR_ALERT,HAND_CLASSIFIED,[text starts with: c. x⁶−y⁶ (Note: This is tricky. If you start it as the difference of two cubes],,,,,Hand-classified: Explicitly warns that starting with difference of cubes leads to incomplete factoring.
COMMON_ERROR_ALERT,HAND_CLASSIFIED,"sales prices of houses in Fancyville and Smallville — comparing the medians alone does not tell a useful story about the difference in prices. Statisticians like to report the center, shape, spread, and outliers of single-variable data.",NA,"The paragraph discusses the importance of considering multiple aspects of data analysis (center, shape, spread, outliers) rather than just medians. It does not reference any specific student errors, compare conflicting approaches, or explicitly point out a common mistake. It serves as general statistical instruction.",COMMON_ERROR_ALERT,"The paragraph warns that focusing only on medians is a mistake and advises reporting additional statistics, matching a common error alert.","Hand-classified: Warns that comparing medians alone is insufficient; must consider shape, spread, outliers."
COMMON_ERROR_ALERT,HAND_CLASSIFIED,The standard deviation was probably not an appropriate way to report the spread of your team’s golfing data. What would have been better?,NA,"The paragraph is a reflective question asking students to evaluate the appropriateness of a statistical method, not directly addressing errors, common mistakes, or contrasting approaches. It does not present a specific error to detect or correct.",COMMON_ERROR_ALERT,"The paragraph warns that using standard deviation may be inappropriate for the data and asks what would be better, which fits a common error alert about a typical mistake.",Hand-classified: Tells reader standard deviation was likely the wrong measure for their data.
COMMON_ERROR_ALERT,HAND_CLASSIFIED,"In both cases, the simplification is only valid provided that the denominator is not equal to zero. See the examples below.",NA,"The paragraph states a mathematical condition (denominator not equal to zero) for simplification validity but does not explicitly warn about a common error, present conflicting student work, or ask the reader to detect an error. It serves as a general rule rather than error-focused pedagogy.",COMMON_ERROR_ALERT,"The paragraph warns readers that a simplification is only valid when the denominator is non‑zero, alerting them to a potential mistake.",Hand-classified: Classic warning against canceling factors when denominator could be zero.
COMMON_ERROR_ALERT,HAND_CLASSIFIED,"extraneous solution Sometimes in the process of solving equations, multiplying or squaring expressions involving a variable will lead to a numerical result that does not make the original equation true. This false result is called an extraneous solution. For example, in the process of solving the equation /x+3=9-x both sides of the equation are squared to get x+3=x*-19x+81 which has solutions 6 and 13. 6 is a solution of the original equation, but 13 is extraneous, because J13+ 3 #9-13.",COMMON_ERROR_ALERT,"The paragraph explains that squaring both sides of an equation can introduce extraneous solutions, which is a common mistake students make. It warns readers about this pitfall and provides an example where one solution is extraneous. This aligns with the 'COMMON_ERROR_ALERT' category as it highlights a frequent error in problem-solving processes.",NA,"The paragraph explains the concept of extraneous solutions with an example but does not ask the reader to find or correct an error, compare approaches, or warn about a common mistake; it is standard instructional content.",Hand-classified: Glossary entry explicitly warns that squaring both sides can introduce false solutions.
EXPLICIT_ERROR_DETECTION,CONFIRMED,let’s make a scatterplot with Fancyville on the x-axis and Smallville on the y-axis. Then we can draw a line of best fit and see if there is an association.” Ramien responded that it was a great idea! What is wrong with Cyrus and Ramien’s plan?,EXPLICIT_ERROR_DETECTION,"The paragraph asks the reader to identify the flaw in Cyrus and Ramien’s plan, which involves detecting an error in their approach. This aligns with EXPLICIT_ERROR_DETECTION, as the task is to locate the mistake in their proposed method.",EXPLICIT_ERROR_DETECTION,"The text asks the reader to identify what is wrong with the students' plan, prompting error identification without providing the error itself, fitting EXPLICIT_ERROR_DETECTION.",