paragraph,gemini_label,gemini_reasoning
"m_ When the equation of a line is expressed in y=mx+b form, the parameter m gives the slope of the line. For example, the slope of the line y=-4x+7 is -4. margin of error Half of the spread between the upper and lower bounds of a statistical prediction. For example, if we predict weight is likely to be between an upper bound of 12 kg and lower bound of 18 kg, the margin of error is 3 kg, and we could write our prediction of the weight as 15+3kg.",NA,"The paragraph provides definitions and examples for 'slope' and 'margin of error'. It does not contain any elements of error-focused pedagogy such as showing incorrect work, comparing different approaches, asking to find an error, or warning about common mistakes."
"Robin and Teryll each have $8,000 to invest and they disagree about the best place to start a savings account. Teryll found a savings and loan company that will guarantee a rate of 3.9% compounded monthly for the next 10 years. Robin says her bank is much better because they will give her 4% interest compounded semi-annually for the next ten years. In ten years, which account will end up with the greatest amount and how much difference is there?",COMPARE_AND_CONTRAST,"The paragraph presents two named individuals, Robin and Teryll, who have different investment options and disagree about which is better. The reader is asked to compare their options and determine which will yield a greater amount."
"This problem is a checkpoint for writing and solving exponential equations. g, \t will be referred to as Checkpoint 9A. When rabbits were first brought to Australia, they had no natural enemies. There were about 80,000 rabbits in 1866. Two years later, in 1868, the population had grown to over 2,400,000! a. Why would an exponential equation be a better model for this situation than a linear one? Would a sine function be better or worse? Write an exponential equation for the number of rabbits ¢ years after 1866. How many rabbits do you predict were present in 1871? According to your model, in what year was the first pair of rabbits introduced into Australia? e. Actually, 24 rabbits were introduced in 1859, so the model is not perfect, but is close. Is your exponential model useful for predicting how many rabbits there are now?",NA,"The paragraph presents a multi-part problem for students to solve, including writing an exponential equation, making predictions, and discussing the model's usefulness. It does not feature student errors, conflicting approaches, or warnings about common mistakes."
let’s make a scatterplot with Fancyville on the x-axis and Smallville on the y-axis. Then we can draw a line of best fit and see if there is an association.” Ramien responded that it was a great idea! What is wrong with Cyrus and Ramien’s plan?,EXPLICIT_ERROR_DETECTION,"The paragraph presents a plan from two named individuals and then explicitly asks the reader to identify what is wrong with their plan. This directly aligns with the definition of EXPLICIT_ERROR_DETECTION, which involves identifying an error that is stated or shown."
"Recall that we find the area of a square by multiplying the length of a side of the square by itself. For example, the area of a square with sides 5 cm long is 5 cm × 5 cm, which equals 25 sq. cm. From the model of the square comes the expression 'squaring a number.' We square a number by multiplying the number by itself. 'Five squared' is 5 × 5, which is 25. An exponent is elevated and written to the right of a number. Read 5² as 'five squared.' To indicate squaring, we use the exponent 2. 5² = 25 'Five squared equals 25.' An exponent shows how many times the other number, the base, is to be used as a factor. In this case, 5 is to be used as a factor twice. a. What is twelve squared? b. Simplify: 3² + 4² a. “Twelve squared” is 12 × 12, which is 144. b. We apply exponents before adding, subtracting, multiplying, or dividing. 3² + 4² = 9 + 16 = 25 Analyze What step is not shown in the solution for b?",EXPLICIT_ERROR_DETECTION,"The paragraph presents a solution and then asks the reader to identify a step that is not shown in that solution. This requires the reader to analyze the given work and detect an omission, which aligns with the definition of EXPLICIT_ERROR_DETECTION."
"In parts (a) through (d) below, for each polynomial function f(x) , the graph of f(x) is shown. Based on this information, state the numbers of linear and quadratic factors the factored form of its equation should have and how many real and complex (non-real) solutions f(x)=0 might have. (Assume a polynomial function of the lowest possible degree for each one.)",NA,"The paragraph provides instructions for an activity or problem set, asking the reader to analyze polynomial functions and their graphs. It does not involve any errors, comparisons of student work, or warnings about common mistakes."
"Salina, Tamara, and Uma are working on their homework together. Salina tells her friends that she got 6 = 52° for the inverse cosine problem she is working on and asks if they got the same answer. Tamara says she got 6 =128°, and Uma volunteers her answer of 6 = 308°. Is it possible that these are all solutions to the same problem?",COMPARE_AND_CONTRAST,"Three named students present different answers to the same problem, and the reader is asked to evaluate if all their answers could be correct. This involves comparing and contrasting their different results."
"Early Finishers The surface of the Dead Sea is approximately 408 meters below sea level. Its greatest depth is 330 meters. In contrast, Mt. Everest reaches a height of 8,850 meters. What is the difference in elevation between the summit of Mt. Everest and the bottom of the Dead Sea? Show your work.",NA,"The paragraph presents a word problem for students to solve. It does not involve any errors, comparisons of student work, or warnings about common mistakes. It's a standard problem-solving task."
"Decimal numbers are actually fractions. Their denominators come from the sequence 10, 100, 1000, .... The denominator of a decimal fraction is not written. Instead, it is indicated by the number of decimal places. One decimal place indicates that the denominator is 10. 0.3 = 3/10. Two decimal places indicate that the denominator is 100. 0.03 = 3/100. Three decimal places indicate that the denominator is 1000. 0.003 = 3/1000. Notice that the number of zeros in the denominator equals the number of decimal places in the decimal number. A quart is 0.25 gallons. Write 0.25 as a fraction. The decimal number 0.25 has two decimal places, so the denominator is 100. The numerator is 25. 0.25 = 25/100 The fraction 25/100 reduces to 1/4.",NA,"The paragraph provides a definition of decimal numbers as fractions and explains how to convert them, using examples. It is standard instructional content and does not involve any error-focused pedagogy."
"Should Davis be confused, or is Tess correct? What is the difference between a sequence and a function?",COMPARE_AND_CONTRAST,"The paragraph presents a scenario where two named individuals (Davis and Tess) might have differing understandings or answers, and the reader is asked to determine who is correct or resolve the confusion. This aligns with the 'COMPARE_AND_CONTRAST' category."
"to get an idea of people’s “random” behavior. For this particular survey, you are not concerned with any particular population, so you can choose any sample that is convenient. You should talk with at least 10 people among your friends and family, but try for more to make your results more interesting.",NA,"The paragraph provides instructions for conducting a survey, including who to sample and how many people. It does not discuss errors, mistakes, or different approaches to a problem."
"Samantha thinks that the equation (x — 4)? =25 is equivalent to the equation (x-—4)+(y-3)=5. Are the two equations equivalent? Explain how you know. If they are not equivalent, explain Samantha’s mistake.",INCORRECT_TO_CORRECT,"The paragraph presents a named student (Samantha) who makes a claim that might be incorrect. The reader is asked to evaluate her claim and, if it's wrong, explain her mistake. This aligns with the 'INCORRECT_TO_CORRECT' category, which involves a named student's potential error and asks the reader to find and/or explain it."
"rectangular numbers The terms of the sequence 0, 2, 6, 12, 20,.... These numbers are called rectangular because they count the number of dots in rectangular arrays with the dimensions n(n +1) where n=0,1,2,3,4,...",NA,"The paragraph defines 'rectangular numbers' and explains their properties. It does not contain any elements of error-focused pedagogy such as showing incorrect work, comparing different approaches, or warning about common mistakes."
"common denominator, which, in this case, is 6x. We must be careful to remember to distribute so that we multiply each term on both sides of the equation by 6x. Then we simplify and solve, as shown at right.",COMMON_ERROR_ALERT,"The paragraph warns the reader to 'be careful to remember to distribute,' which signals a common mistake students might make. This fits the description of a 'COMMON_ERROR_ALERT'."
"* 30. Conclude An architect drew a set of plans for a house. In the plans, the roof is supported by a triangular framework. When the house is built, two sides of the framework will be 19 feet long and the base will be 33 feet long. Classified by side length, what type of triangle will be formed?",NA,"The paragraph presents a problem asking the reader to classify a triangle based on given side lengths. It does not involve any errors, student work, comparisons of different approaches, or warnings about common mistakes. It's a standard problem-solving exercise."
"a. Make a histogram of the data on your calculator and sketch it. Use a bin width of 5. b. Lateefa is modeling the data using a normal distribution, but her partner Farid thinks that it is not a good idea. What advice would you give them about using a normal distribution? c. Lateefa scored 86 on the test, and Farid scored 92. What percentile did each score in? What score is at the 25"" percentile? Find the five number summary (minimum, first quartile, median, third quartile, maximum) for this data. How does your answer compare to",COMPARE_AND_CONTRAST,"The paragraph describes two named students, Lateefa and Farid, who have different ideas about modeling data with a normal distribution. The reader is asked to give advice, which involves evaluating their differing approaches. This fits the 'COMPARE_AND_CONTRAST' category."
"Colleen and Jolleen both used their calculators to find sin 30° . Colleen got sin30°= -0.9880316241 , but Jolleen got sin 30°=0:5.",COMPARE_AND_CONTRAST,"Two named students, Colleen and Jolleen, have different answers for the same problem. This sets up a scenario where their approaches or results would be compared."
"square 2. The product of a number and itself. The square of 4 is 16. square root One of two equal factors of a number. The symbol for the principal, or positive, square root of a number is √. A square root of 49 is 7 because 7 × 7 = 49.",NA,"This paragraph provides definitions and examples for 'square' and 'square root'. It does not discuss errors, student work, or different approaches to a problem."
"In Chapter 2, you developed expertise in investigating functions and transforming parent graphs. In this section, you will investigate families of cyclic functions and their transformations. By the end of this section, you will be able to graph any sine or cosine equation and write the equation of any sine or cosine graph.",NA,"The paragraph introduces the topic of cyclic functions and their transformations, outlining the learning objectives for the section. It does not contain any elements of error-focused pedagogy such as showing incorrect work, comparing different approaches, explicitly stating an error, or warning about common mistakes."
David Longshot is known for his long golf drives. Today he hit the ball 250 yards and estimated that the ball reached a maximum height of 15 yards. Find a quadratic equation that would model the path of the golf ball.,NA,"The paragraph presents a word problem and asks the reader to find a quadratic equation to model the given scenario. It does not involve any errors, comparisons of student work, or warnings about common mistakes."
